Date,Value
12-06-2024,80.73
12-05-2024,80.53
12-04-2024,80.7
12-03-2024,81.64
12-02-2024,82.92
11-29-2024,83.17
11-27-2024,83.15
11-26-2024,81.83
11-25-2024,82.1
11-22-2024,82.15
11-21-2024,80.61
11-20-2024,80.6
11-19-2024,79.64
11-18-2024,79.18
11-15-2024,78.14
11-14-2024,78.45
11-13-2024,79.0
11-12-2024,79.16
11-11-2024,79.19
11-08-2024,78.08
11-07-2024,77.94
11-06-2024,77.35
11-05-2024,77.16
11-04-2024,77.35
11-01-2024,79.9
10-31-2024,79.29
10-30-2024,79.59
10-29-2024,80.11
10-28-2024,80.81
10-25-2024,82.0
10-24-2024,82.13
10-23-2024,81.4
10-22-2024,81.08
10-21-2024,82.14
10-18-2024,81.41
10-17-2024,82.48
10-16-2024,81.01
10-15-2024,80.6
10-14-2024,79.37
10-11-2024,78.3
10-10-2024,78.88
10-09-2024,79.26
10-08-2024,79.79
10-07-2024,81.04
10-04-2024,80.74
10-03-2024,81.92
10-02-2024,80.91
10-01-2024,80.69
09-30-2024,80.58
09-27-2024,79.96
09-26-2024,80.03
09-25-2024,80.2
09-24-2024,79.88
09-23-2024,80.03
09-20-2024,79.0
09-19-2024,78.2
09-18-2024,78.94
09-17-2024,79.18
09-16-2024,78.79
09-13-2024,77.71
09-12-2024,77.45
09-11-2024,77.05
09-10-2024,76.82
09-09-2024,76.24
09-06-2024,76.81
09-05-2024,77.41
09-04-2024,76.55
09-03-2024,76.31
08-30-2024,75.86
08-29-2024,75.56
08-28-2024,75.54
08-27-2024,75.75
08-26-2024,75.68
08-23-2024,75.47
08-22-2024,75.38
08-21-2024,74.88
08-20-2024,74.93
08-19-2024,74.51
08-16-2024,74.19
08-15-2024,73.69
08-14-2024,74.0
08-13-2024,74.05
08-12-2024,73.63
08-09-2024,73.54
08-08-2024,73.0
08-07-2024,73.47
08-06-2024,72.54
08-05-2024,74.61
08-02-2024,75.04
08-01-2024,72.93
07-31-2024,72.87
07-30-2024,71.41
07-29-2024,71.44
07-26-2024,71.04
07-25-2024,71.4
07-24-2024,70.78
07-23-2024,70.58
07-22-2024,70.5
07-19-2024,70.18
07-18-2024,70.02
07-17-2024,70.0
07-16-2024,69.95
07-15-2024,70.46
07-12-2024,70.99
07-11-2024,69.82
07-10-2024,69.08
07-09-2024,68.62
07-08-2024,68.61
07-05-2024,68.54
07-03-2024,68.12
07-02-2024,67.83
07-01-2024,68.85
06-28-2024,68.91
06-27-2024,68.85
06-26-2024,68.82
06-25-2024,69.6
06-24-2024,68.82
06-21-2024,70.06
06-20-2024,69.42
06-18-2024,68.61
06-17-2024,69.57
06-14-2024,69.7
06-13-2024,70.06
06-12-2024,71.3
06-11-2024,70.24
06-10-2024,69.93
06-07-2024,70.1
06-06-2024,71.29
06-05-2024,71.78
06-04-2024,71.71
06-03-2024,72.6
05-31-2024,71.7
05-30-2024,70.74
05-29-2024,70.81
05-28-2024,71.57
05-24-2024,70.97
05-23-2024,71.9
05-22-2024,72.47
05-21-2024,72.18
05-20-2024,72.5
05-17-2024,72.19
05-16-2024,72.57
05-15-2024,72.2
05-14-2024,71.58
05-13-2024,71.51
05-10-2024,71.74
05-09-2024,70.22
05-08-2024,69.39
05-07-2024,69.05
05-06-2024,68.62
05-03-2024,68.4
05-02-2024,67.79
05-01-2024,66.73
04-30-2024,66.72
04-29-2024,66.65
04-26-2024,66.92
04-25-2024,66.58
04-24-2024,65.74
04-23-2024,66.0
04-22-2024,65.47
04-19-2024,64.61
04-18-2024,64.3
04-17-2024,63.18
04-16-2024,63.41
04-15-2024,64.64
04-12-2024,64.81
04-11-2024,65.19
04-10-2024,64.63
04-09-2024,65.73
04-08-2024,65.17
04-05-2024,64.55
04-04-2024,65.61
04-03-2024,65.35
04-02-2024,65.1
04-01-2024,65.66
03-28-2024,65.19
03-27-2024,63.9
03-26-2024,64.23
03-25-2024,64.04
03-22-2024,64.17
03-21-2024,64.04
03-20-2024,63.68
03-19-2024,63.38
03-18-2024,63.02
03-15-2024,63.17
03-14-2024,63.74
03-13-2024,63.95
03-12-2024,63.94
03-11-2024,63.66
03-08-2024,63.77
03-07-2024,63.7
03-06-2024,63.03
03-05-2024,62.95
03-04-2024,61.43
03-01-2024,61.91
02-29-2024,62.32
02-28-2024,61.82
02-27-2024,61.1
02-26-2024,61.66
02-23-2024,61.65
02-22-2024,61.51
02-21-2024,61.59
02-20-2024,61.12
02-16-2024,61.0
02-15-2024,60.48
02-14-2024,60.18
02-13-2024,60.63
02-12-2024,60.27
02-09-2024,59.87
02-08-2024,60.2
02-07-2024,60.67
02-06-2024,60.18
02-05-2024,60.89
02-02-2024,61.91
02-01-2024,61.19
01-31-2024,62.09
01-30-2024,61.45
01-29-2024,61.25
01-26-2024,61.19
01-25-2024,60.75
01-24-2024,61.2
01-23-2024,60.69
01-22-2024,60.96
01-19-2024,61.12
01-18-2024,61.41
01-17-2024,62.27
01-16-2024,63.01
01-12-2024,63.38
01-11-2024,64.25
01-10-2024,64.47
01-09-2024,64.66
01-08-2024,64.39
01-05-2024,64.2
01-04-2024,64.56
01-03-2024,64.23
01-02-2024,63.06
12-29-2023,63.27
12-28-2023,62.76
12-27-2023,62.88
12-26-2023,62.52
12-22-2023,62.64
12-21-2023,62.51
12-20-2023,63.51
12-19-2023,63.45
12-18-2023,63.55
12-15-2023,64.45
12-14-2023,66.36
12-13-2023,63.63
12-12-2023,63.91
12-11-2023,63.08
12-08-2023,63.43
12-07-2023,63.76
12-06-2023,63.11
12-05-2023,63.34
12-04-2023,63.23
12-01-2023,62.79
11-30-2023,62.67
11-29-2023,63.01
11-28-2023,62.8
11-27-2023,62.74
11-24-2023,62.52
11-22-2023,62.45
11-21-2023,62.05
11-20-2023,62.0
11-17-2023,62.46
11-16-2023,62.3
11-15-2023,61.81
11-14-2023,60.94
11-13-2023,60.19
11-10-2023,60.27
11-09-2023,60.91
11-08-2023,60.99
11-07-2023,61.73
11-06-2023,61.97
11-03-2023,62.57
11-02-2023,60.5
11-01-2023,59.77
10-31-2023,59.42
10-30-2023,58.98
10-27-2023,59.6
10-26-2023,59.51
10-25-2023,58.92
10-24-2023,58.41
10-23-2023,57.5
10-20-2023,58.5
10-19-2023,59.04
10-18-2023,59.69
10-17-2023,59.4
10-16-2023,59.42
10-13-2023,59.03
10-12-2023,59.26
10-11-2023,58.94
10-10-2023,57.82
10-09-2023,57.15
10-06-2023,55.75
10-05-2023,56.63
10-04-2023,57.13
10-03-2023,55.75
10-02-2023,58.59
09-29-2023,59.34
09-28-2023,60.36
09-27-2023,61.19
09-26-2023,62.94
09-25-2023,62.92
09-22-2023,63.13
09-21-2023,64.03
09-20-2023,64.28
09-19-2023,64.32
09-18-2023,64.46
09-15-2023,65.11
09-14-2023,64.68
09-13-2023,63.55
09-12-2023,63.43
09-11-2023,63.11
09-08-2023,62.74
09-07-2023,62.35
09-06-2023,61.77
09-05-2023,62.6
09-01-2023,63.29
08-31-2023,63.82
08-30-2023,63.65
08-29-2023,63.7
08-28-2023,63.74
08-25-2023,63.24
08-24-2023,63.41
08-23-2023,63.61
08-22-2023,63.05
08-21-2023,63.3
08-18-2023,63.15
08-17-2023,63.37
08-16-2023,63.29
08-15-2023,63.69
08-14-2023,64.53
08-11-2023,64.28
08-10-2023,64.68
08-09-2023,64.25
08-08-2023,63.97
08-07-2023,64.23
08-04-2023,64.91
08-03-2023,66.05
08-02-2023,65.98
08-01-2023,66.99
07-31-2023,67.31
07-28-2023,67.63
07-27-2023,68.13
07-26-2023,68.22
07-25-2023,68.2
07-24-2023,68.56
07-21-2023,67.72
07-20-2023,66.42
07-19-2023,65.62
07-18-2023,66.02
07-17-2023,66.63
07-14-2023,66.94
07-13-2023,66.88
07-12-2023,66.12
07-11-2023,65.24
07-10-2023,65.28
07-07-2023,65.44
07-06-2023,66.15
07-05-2023,65.7
07-03-2023,65.3
06-30-2023,64.81
06-29-2023,64.21
06-28-2023,65.67
06-27-2023,65.72
06-26-2023,65.14
06-23-2023,66.19
06-22-2023,66.76
06-21-2023,65.75
06-20-2023,66.57
06-16-2023,67.1
06-15-2023,66.47
06-14-2023,66.5
06-13-2023,65.87
06-12-2023,66.44
06-09-2023,66.8
06-08-2023,66.47
06-07-2023,65.43
06-06-2023,65.73
06-05-2023,65.26
06-02-2023,64.12
06-01-2023,65.05
05-31-2023,64.37
05-30-2023,64.7
05-26-2023,64.49
05-25-2023,65.345
05-24-2023,65.81
05-23-2023,65.88
05-22-2023,66.28
05-19-2023,66.52
05-18-2023,66.1
05-17-2023,66.86
05-16-2023,68.08
05-15-2023,69.29
05-12-2023,69.03
05-11-2023,69.4
05-10-2023,69.16
05-09-2023,68.66
05-08-2023,68.96
05-05-2023,68.36
05-04-2023,68.19
05-03-2023,68.64
05-02-2023,69.04
05-01-2023,68.82
04-28-2023,68.88
04-27-2023,68.46
04-26-2023,69.36
04-25-2023,69.71
04-24-2023,69.6
04-21-2023,69.87
04-20-2023,69.5
04-19-2023,69.08
04-18-2023,69.3
04-17-2023,69.01
04-14-2023,69.16
04-13-2023,69.35
04-12-2023,69.86
04-11-2023,69.57
04-10-2023,69.41
04-06-2023,69.88
04-05-2023,67.86
04-04-2023,67.19
04-03-2023,67.44
03-31-2023,67.42
03-30-2023,67.07
03-29-2023,66.3
03-28-2023,65.61
03-27-2023,65.89
03-24-2023,63.77
03-23-2023,64.38
03-22-2023,65.56
03-21-2023,67.11
03-20-2023,66.58
03-17-2023,67.46
03-16-2023,66.92
03-15-2023,66.08
03-14-2023,65.9
03-13-2023,64.34
03-10-2023,65.77
03-09-2023,66.16
03-08-2023,65.46
03-07-2023,66.63
03-06-2023,66.29
03-03-2023,65.4
03-02-2023,63.84
03-01-2023,64.66
02-28-2023,65.86
02-27-2023,66.94
02-24-2023,66.01
02-23-2023,67.24
02-22-2023,67.19
02-21-2023,67.98
02-17-2023,67.77
02-16-2023,67.6
02-15-2023,67.44
02-14-2023,68.05
02-13-2023,67.74
02-10-2023,66.46
02-09-2023,67.47
02-08-2023,68.06
02-07-2023,68.18
02-06-2023,67.66
02-03-2023,68.74
02-02-2023,69.25
02-01-2023,68.76
01-31-2023,68.77
01-30-2023,68.64
01-27-2023,68.74
01-26-2023,68.3
01-25-2023,68.58
01-24-2023,69.32
01-23-2023,68.99
01-20-2023,68.78
01-19-2023,69.49
01-18-2023,71.54
01-17-2023,71.38
01-13-2023,71.29
01-12-2023,72.17
01-11-2023,71.5
01-10-2023,71.29
01-09-2023,70.99
01-06-2023,70.39
01-05-2023,70.6
01-04-2023,70.82
01-03-2023,70.7
12-30-2022,71.11
12-29-2022,71.02
12-28-2022,71.51
12-27-2022,71.07
12-23-2022,70.06
12-22-2022,70.51
12-21-2022,70.07
12-20-2022,69.59
12-19-2022,69.55
12-16-2022,71.16
12-15-2022,72.3
12-14-2022,72.92
12-13-2022,73.47
12-12-2022,71.21
12-09-2022,70.95
12-08-2022,70.75
12-07-2022,71.13
12-06-2022,70.53
12-05-2022,70.49
12-02-2022,70.61
12-01-2022,72.13
11-30-2022,69.56
11-29-2022,69.78
11-28-2022,70.45
11-25-2022,70.79
11-23-2022,69.55
11-22-2022,69.49
11-21-2022,68.74
11-18-2022,68.05
11-17-2022,67.87
11-16-2022,68.04
11-15-2022,67.98
11-14-2022,68.12
11-11-2022,68.85
11-10-2022,67.73
11-09-2022,66.0
11-08-2022,65.9
11-07-2022,66.96
11-04-2022,66.82
11-03-2022,65.76
11-02-2022,66.82
11-01-2022,67.18
10-31-2022,67.24
10-28-2022,65.88
10-27-2022,65.56
10-26-2022,65.47
10-25-2022,64.05
10-24-2022,63.65
10-21-2022,62.39
10-20-2022,63.79
10-19-2022,63.77
10-18-2022,64.71
10-17-2022,63.0
10-14-2022,63.71
10-13-2022,60.59
10-12-2022,63.54
10-11-2022,63.63
10-10-2022,63.89
10-07-2022,64.92
10-06-2022,67.04
10-05-2022,67.98
10-04-2022,67.9
10-03-2022,66.58
09-30-2022,67.12
09-29-2022,69.23
09-28-2022,69.65
09-27-2022,70.49
09-26-2022,71.58
09-23-2022,71.89
09-22-2022,72.8
09-21-2022,74.35
09-20-2022,74.47
09-19-2022,73.74
09-16-2022,74.48
09-15-2022,76.05
09-14-2022,76.07
09-13-2022,77.33
09-12-2022,77.59
09-09-2022,77.53
09-08-2022,76.84
09-07-2022,75.15
09-06-2022,75.02
09-02-2022,75.6
09-01-2022,74.05
08-31-2022,74.87
08-30-2022,75.92
08-29-2022,75.32
08-26-2022,76.92
08-25-2022,76.6
08-24-2022,76.08
08-23-2022,76.5
08-22-2022,77.33
08-19-2022,77.64
08-18-2022,77.52
08-17-2022,77.26
08-16-2022,77.19
08-15-2022,76.57
08-12-2022,76.0
08-11-2022,75.61
08-10-2022,75.51
08-09-2022,74.57
08-08-2022,74.87
08-05-2022,74.3
08-04-2022,74.38
08-03-2022,73.77
08-02-2022,74.36
08-01-2022,73.72
07-29-2022,73.18
07-28-2022,72.03
07-27-2022,70.39
07-26-2022,70.24
07-25-2022,69.32
07-22-2022,69.04
07-21-2022,68.5
07-20-2022,69.35
07-19-2022,69.24
07-18-2022,69.6
07-15-2022,69.7
07-14-2022,68.51
07-13-2022,69.27
07-12-2022,69.85
07-11-2022,69.55
07-08-2022,69.98
07-07-2022,70.48
07-06-2022,69.74
07-05-2022,71.69
07-01-2022,70.49
06-30-2022,68.93
06-29-2022,69.42
06-28-2022,69.8
06-27-2022,68.86
06-24-2022,68.19
06-23-2022,66.66
06-22-2022,65.23
06-21-2022,64.58
06-17-2022,65.58
06-16-2022,65.94
06-15-2022,66.93
06-14-2022,68.14
06-13-2022,70.43
06-10-2022,71.18
06-09-2022,73.62
06-08-2022,74.8
06-07-2022,74.49
06-06-2022,75.02
06-03-2022,74.4
06-02-2022,74.57
06-01-2022,74.6
05-31-2022,74.67
05-27-2022,74.15
05-26-2022,74.46
05-25-2022,74.13
05-24-2022,72.74
05-23-2022,72.56
05-20-2022,71.73
05-19-2022,71.36
05-18-2022,72.51
05-17-2022,71.99
05-16-2022,71.46
05-13-2022,71.21
05-12-2022,71.23
05-11-2022,70.75
05-10-2022,71.77
05-09-2022,71.77
05-06-2022,71.22
05-05-2022,71.9
05-04-2022,71.24
05-03-2022,70.79
05-02-2022,71.6
04-29-2022,73.14
04-28-2022,73.0
04-27-2022,73.05
04-26-2022,73.48
04-25-2022,74.51
04-22-2022,75.42
04-21-2022,76.54
04-20-2022,76.98
04-19-2022,75.9
04-18-2022,76.18
04-14-2022,76.2
04-13-2022,76.21
04-12-2022,75.7
04-11-2022,77.01
04-08-2022,76.98
04-07-2022,76.86
04-06-2022,75.63
04-05-2022,74.95
04-04-2022,75.19
04-01-2022,74.4
03-31-2022,74.49
03-30-2022,74.0
03-29-2022,73.22
03-28-2022,72.85
03-25-2022,72.0
03-24-2022,71.16
03-23-2022,70.84
03-22-2022,71.08
03-21-2022,70.44
03-18-2022,71.42
03-17-2022,71.16
03-16-2022,71.16
03-15-2022,71.03
03-14-2022,70.88
03-11-2022,70.78
03-10-2022,69.67
03-09-2022,71.21
03-08-2022,72.0
03-07-2022,71.05
03-04-2022,69.18
03-03-2022,68.43
03-02-2022,67.37
03-01-2022,67.79
02-28-2022,67.17
02-25-2022,66.13
02-24-2022,64.61
02-23-2022,66.27
02-22-2022,66.46
02-18-2022,66.12
02-17-2022,66.0
02-16-2022,66.24
02-15-2022,66.87
02-14-2022,67.25
02-11-2022,67.28
02-10-2022,68.05
02-09-2022,68.92
02-08-2022,68.66
02-07-2022,68.36
02-04-2022,68.43
02-03-2022,69.14
02-02-2022,68.28
02-01-2022,69.06
01-31-2022,67.56
01-28-2022,66.97
01-27-2022,67.18
01-26-2022,67.24
01-25-2022,67.12
01-24-2022,68.76
01-21-2022,69.31
01-20-2022,69.09
01-19-2022,68.59
01-18-2022,68.89
01-14-2022,69.88
01-13-2022,69.51
01-12-2022,69.1
01-11-2022,69.89
01-10-2022,70.35
01-07-2022,69.73
01-06-2022,70.61
01-05-2022,70.6
01-04-2022,70.87
01-03-2022,71.55
12-31-2021,71.18
12-30-2021,71.26
12-29-2021,70.77
12-28-2021,70.16
12-27-2021,69.75
12-23-2021,69.77
12-22-2021,69.32
12-21-2021,69.75
12-20-2021,68.8
12-17-2021,70.81
12-16-2021,70.65
12-15-2021,69.5
12-14-2021,69.99
12-13-2021,69.08
12-10-2021,69.06
12-09-2021,69.03
12-08-2021,69.0
12-07-2021,68.44
12-06-2021,67.84
12-03-2021,67.06
12-02-2021,66.05
12-01-2021,66.21
11-30-2021,67.43
11-29-2021,67.28
11-26-2021,67.34
11-24-2021,67.75
11-23-2021,67.7
11-22-2021,67.25
11-19-2021,67.01
11-18-2021,67.16
11-17-2021,67.05
11-16-2021,67.56
11-15-2021,66.94
11-12-2021,66.67
11-11-2021,67.06
11-10-2021,66.61
11-09-2021,66.34
11-08-2021,67.3
11-05-2021,66.81
11-04-2021,66.86
11-03-2021,67.1
11-02-2021,67.4
11-01-2021,66.89
10-29-2021,67.29
10-28-2021,66.81
10-27-2021,67.48
10-26-2021,67.02
10-25-2021,67.15
10-22-2021,67.09
10-21-2021,66.95
10-20-2021,66.14
10-19-2021,65.55
10-18-2021,65.24
10-15-2021,65.97
10-14-2021,65.29
10-13-2021,64.34
10-12-2021,63.98
10-11-2021,64.5
10-08-2021,65.24
10-07-2021,65.72
10-06-2021,64.4
10-05-2021,64.84
10-04-2021,63.81
10-01-2021,64.27
09-30-2021,64.63
09-29-2021,63.75
09-28-2021,64.31
09-27-2021,65.03
09-24-2021,65.2
09-23-2021,65.56
09-22-2021,65.84
09-21-2021,65.97
09-20-2021,65.76
09-17-2021,67.3
09-16-2021,68.0
09-15-2021,68.0
09-14-2021,68.55
09-13-2021,69.03
09-10-2021,69.37
09-09-2021,69.58
09-08-2021,68.53
09-07-2021,69.43
09-03-2021,69.86
09-02-2021,69.59
09-01-2021,68.73
08-31-2021,68.59
08-30-2021,68.5
08-27-2021,68.61
08-26-2021,68.71
08-25-2021,68.57
08-24-2021,69.0
08-23-2021,69.88
08-20-2021,68.95
08-19-2021,68.82
08-18-2021,69.13
08-17-2021,68.91
08-16-2021,68.68
08-13-2021,68.34
08-12-2021,68.01
08-11-2021,67.65
08-10-2021,67.49
08-09-2021,67.5
08-06-2021,67.42
08-05-2021,66.85
08-04-2021,66.59
08-03-2021,66.58
08-02-2021,66.12
07-30-2021,66.49
07-29-2021,66.47
07-28-2021,66.83
07-27-2021,65.68
07-26-2021,65.58
07-23-2021,65.04
07-22-2021,64.85
07-21-2021,65.54
07-20-2021,65.28
07-19-2021,66.0
07-16-2021,65.68
07-15-2021,64.66
07-14-2021,64.34
07-13-2021,64.7
07-12-2021,64.53
07-09-2021,64.61
07-08-2021,64.35
07-07-2021,64.32
07-06-2021,64.01
07-02-2021,64.09
07-01-2021,63.35
06-30-2021,63.3
06-29-2021,64.19
06-28-2021,64.24
06-25-2021,63.33
06-24-2021,63.44
06-23-2021,64.0
06-22-2021,64.43
06-21-2021,63.81
06-18-2021,65.43
06-17-2021,65.4
06-16-2021,66.62
06-15-2021,66.33
06-14-2021,66.12
06-11-2021,65.96
06-10-2021,65.58
06-09-2021,65.11
06-08-2021,65.65
06-07-2021,65.45
06-04-2021,65.66
06-03-2021,64.8
06-02-2021,64.86
06-01-2021,65.31
05-28-2021,65.2
05-27-2021,65.48
05-26-2021,65.28
05-25-2021,66.11
05-24-2021,66.48
05-21-2021,65.98
05-20-2021,65.37
05-19-2021,65.05
05-18-2021,65.23
05-17-2021,65.88
05-14-2021,65.75
05-13-2021,64.42
05-12-2021,65.82
05-11-2021,66.64
05-10-2021,66.18
05-07-2021,65.8
05-06-2021,65.52
05-05-2021,66.46
05-04-2021,66.64
05-03-2021,66.87
04-30-2021,66.34
04-29-2021,65.6
04-28-2021,65.72
04-27-2021,66.1
04-26-2021,66.61
04-23-2021,66.7
04-22-2021,67.1
04-21-2021,67.79
04-20-2021,66.87
04-19-2021,67.25
04-16-2021,66.92
04-15-2021,65.95
04-14-2021,65.49
04-13-2021,64.62
04-12-2021,64.83
04-09-2021,64.95
04-08-2021,65.11
04-07-2021,64.97
04-06-2021,64.61
04-05-2021,64.21
04-01-2021,63.94
03-31-2021,63.6
03-30-2021,63.95
03-29-2021,63.34
03-26-2021,63.25
03-25-2021,62.79
03-24-2021,62.37
03-23-2021,61.63
03-22-2021,61.6
03-19-2021,62.05
03-18-2021,62.2
03-17-2021,63.24
03-16-2021,63.06
03-15-2021,62.5
03-12-2021,61.85
03-11-2021,61.63
03-10-2021,61.3
03-09-2021,60.85
03-08-2021,59.85
03-05-2021,58.97
03-04-2021,58.81
03-03-2021,59.38
03-02-2021,59.74
03-01-2021,59.1
02-26-2021,59.66
02-25-2021,59.88
02-24-2021,60.56
02-23-2021,60.45
02-22-2021,61.24
02-19-2021,62.35
02-18-2021,61.87
02-17-2021,61.99
02-16-2021,62.55
02-12-2021,62.89
02-11-2021,63.41
02-10-2021,63.56
02-09-2021,63.21
02-08-2021,63.73
02-05-2021,63.53
02-04-2021,62.73
02-03-2021,62.89
02-02-2021,62.66
02-01-2021,62.55
01-29-2021,62.17
01-28-2021,61.96
01-27-2021,62.95
01-26-2021,64.01
01-25-2021,62.62
01-22-2021,62.57
01-21-2021,62.97
01-20-2021,62.73
01-19-2021,63.33
01-15-2021,62.25
01-14-2021,62.64
01-13-2021,61.61
01-12-2021,61.65
01-11-2021,62.1
01-08-2021,61.89
01-07-2021,62.97
01-06-2021,61.46
01-05-2021,61.25
01-04-2021,62.81
12-31-2020,61.79
12-30-2020,61.51
12-29-2020,61.63
12-28-2020,61.53
12-24-2020,60.91
12-23-2020,61.19
12-22-2020,61.0
12-21-2020,61.28
12-18-2020,62.84
12-17-2020,62.63
12-16-2020,63.26
12-15-2020,62.21
12-14-2020,62.68
12-11-2020,61.88
12-10-2020,62.43
12-09-2020,62.62
12-08-2020,62.35
12-07-2020,62.2
12-04-2020,63.1
12-03-2020,63.6
12-02-2020,62.98
12-01-2020,63.31
11-30-2020,63.58
11-27-2020,64.38
11-25-2020,64.15
11-24-2020,64.06
11-23-2020,63.79
11-20-2020,63.42
11-19-2020,64.1
11-18-2020,65.79
11-17-2020,66.33
11-16-2020,66.91
11-13-2020,65.76
11-12-2020,66.12
11-11-2020,66.6
11-10-2020,65.67
11-09-2020,65.99
11-06-2020,64.31
11-05-2020,64.37
11-04-2020,64.29
11-03-2020,64.55
11-02-2020,63.23
10-30-2020,62.62
10-29-2020,62.57
10-28-2020,63.78
10-27-2020,64.85
10-26-2020,64.25
10-23-2020,64.89
10-22-2020,63.76
10-21-2020,63.7
10-20-2020,63.72
10-19-2020,63.97
10-16-2020,63.4
10-15-2020,62.76
10-14-2020,63.52
10-13-2020,63.44
10-12-2020,63.52
10-09-2020,63.84
10-08-2020,62.62
10-07-2020,62.29
10-06-2020,61.49
10-05-2020,60.85
10-02-2020,59.5
10-01-2020,59.53
09-30-2020,59.22
09-29-2020,59.05
09-28-2020,58.98
09-25-2020,57.52
09-24-2020,57.07
09-23-2020,58.09
09-22-2020,57.69
09-21-2020,57.6
09-18-2020,59.56
09-17-2020,59.68
09-16-2020,59.93
09-15-2020,60.35
09-14-2020,59.22
09-11-2020,58.92
09-10-2020,59.59
09-09-2020,59.48
09-08-2020,59.43
09-04-2020,59.83
09-03-2020,60.41
09-02-2020,58.7
09-01-2020,59.06
08-31-2020,58.98
08-28-2020,59.02
08-27-2020,58.88
08-26-2020,59.16
08-25-2020,60.05
08-24-2020,59.59
08-21-2020,59.37
08-20-2020,59.61
08-19-2020,60.18
08-18-2020,60.26
08-17-2020,60.43
08-14-2020,60.78
08-13-2020,60.76
08-12-2020,60.32
08-11-2020,61.54
08-10-2020,61.69
08-07-2020,60.16
08-06-2020,59.99
08-05-2020,60.96
08-04-2020,60.13
08-03-2020,60.79
07-31-2020,60.57
07-30-2020,60.29
07-29-2020,60.56
07-28-2020,59.4
07-27-2020,60.3
07-24-2020,60.8
07-23-2020,60.59
07-22-2020,59.42
07-21-2020,59.57
07-20-2020,60.0
07-17-2020,59.2
07-16-2020,58.19
07-15-2020,58.92
07-14-2020,57.84
07-13-2020,57.77
07-10-2020,56.7
07-09-2020,57.19
07-08-2020,56.87
07-07-2020,56.56
07-06-2020,58.11
07-02-2020,58.16
07-01-2020,56.48
06-30-2020,56.23
06-29-2020,55.62
06-26-2020,55.69
06-25-2020,56.35
06-24-2020,56.56
06-23-2020,58.16
06-22-2020,56.98
06-19-2020,59.62
06-18-2020,58.79
06-17-2020,59.59
06-16-2020,60.5
06-15-2020,57.63
06-12-2020,59.94
06-11-2020,60.16
06-10-2020,61.57
06-09-2020,62.26
06-08-2020,61.3
06-05-2020,60.97
06-04-2020,61.19
06-03-2020,61.12
06-02-2020,60.63
06-01-2020,59.67
05-29-2020,59.09
05-28-2020,58.27
05-27-2020,57.85
05-26-2020,57.5
05-22-2020,55.86
05-21-2020,56.28
05-20-2020,56.7
05-19-2020,56.82
05-18-2020,56.1
05-15-2020,55.16
05-14-2020,54.41
05-13-2020,55.32
05-12-2020,56.06
05-11-2020,55.72
05-08-2020,55.72
05-07-2020,55.46
05-06-2020,56.96
05-05-2020,56.5
05-04-2020,55.59
05-01-2020,56.59
04-30-2020,58.19
04-29-2020,60.11
04-28-2020,59.76
04-27-2020,58.66
04-24-2020,58.06
04-23-2020,59.13
04-22-2020,58.36
04-21-2020,57.19
04-20-2020,60.15
04-17-2020,59.89
04-16-2020,58.88
04-15-2020,58.96
04-14-2020,60.17
04-13-2020,60.52
04-09-2020,58.97
04-08-2020,55.42
04-07-2020,57.29
04-06-2020,53.69
04-03-2020,53.12
04-02-2020,51.52
04-01-2020,53.22
03-31-2020,57.29
03-30-2020,56.16
03-27-2020,53.71
03-26-2020,51.58
03-25-2020,49.83
03-24-2020,46.65
03-23-2020,47.19
03-20-2020,52.42
03-19-2020,54.64
03-18-2020,54.21
03-17-2020,52.61
03-16-2020,52.46
03-13-2020,57.77
03-12-2020,57.5
03-11-2020,62.62
03-10-2020,64.5
03-09-2020,63.55
03-06-2020,65.87
03-05-2020,67.59
03-04-2020,65.89
03-03-2020,65.88
03-02-2020,62.5
02-28-2020,62.86
02-27-2020,67.09
02-26-2020,68.05
02-25-2020,69.58
02-24-2020,70.03
02-21-2020,70.33
02-20-2020,70.23
02-19-2020,70.7
02-18-2020,70.66
02-14-2020,70.05
02-13-2020,69.21
02-12-2020,68.99
02-11-2020,68.97
02-10-2020,68.7
02-07-2020,68.97
02-06-2020,68.86
02-05-2020,68.36
02-04-2020,69.16
02-03-2020,69.09
01-31-2020,69.16
01-30-2020,68.61
01-29-2020,68.51
01-28-2020,68.26
01-27-2020,68.32
01-24-2020,68.0
01-23-2020,67.57
01-22-2020,67.5
01-21-2020,66.91
01-17-2020,66.28
01-16-2020,65.94
01-15-2020,65.12
01-14-2020,64.79
01-13-2020,64.38
01-10-2020,64.32
01-09-2020,63.8
01-08-2020,63.94
01-07-2020,63.84
01-06-2020,63.86
01-03-2020,63.86
01-02-2020,64.73
12-31-2019,64.36
12-30-2019,64.11
12-27-2019,64.19
12-26-2019,64.14
12-24-2019,64.06
12-23-2019,64.7
12-20-2019,64.13
12-19-2019,64.63
12-18-2019,64.42
12-17-2019,64.2
12-16-2019,63.37
12-13-2019,62.91
12-12-2019,63.07
12-11-2019,63.06
12-10-2019,62.98
12-09-2019,63.35
12-06-2019,63.16
12-05-2019,63.19
12-04-2019,62.79
12-03-2019,62.8
12-02-2019,62.75
11-29-2019,63.23
11-27-2019,62.85
11-26-2019,62.89
11-25-2019,63.06
11-22-2019,63.12
11-21-2019,63.19
11-20-2019,62.91
11-19-2019,62.8
11-18-2019,62.98
11-15-2019,62.68
11-14-2019,62.63
11-13-2019,61.74
11-12-2019,61.38
11-11-2019,61.77
11-08-2019,61.82
11-07-2019,62.53
11-06-2019,62.73
11-05-2019,62.96
11-04-2019,64.03
11-01-2019,64.29
10-31-2019,63.96
10-30-2019,63.39
10-29-2019,63.24
10-28-2019,63.83
10-25-2019,64.87
10-24-2019,64.63
10-23-2019,64.49
10-22-2019,64.22
10-21-2019,63.83
10-18-2019,63.46
10-17-2019,63.45
10-16-2019,63.27
10-15-2019,63.55
10-14-2019,64.1
10-11-2019,64.1
10-10-2019,64.08
10-09-2019,64.09
10-08-2019,64.48
10-07-2019,64.71
10-04-2019,63.96
10-03-2019,63.75
10-02-2019,64.45
10-01-2019,64.52
09-30-2019,64.75
09-27-2019,65.02
09-26-2019,64.75
09-25-2019,64.58
09-24-2019,64.11
09-23-2019,63.85
09-20-2019,63.7
09-19-2019,64.01
09-18-2019,63.78
09-17-2019,63.1
09-16-2019,63.04
09-13-2019,62.98
09-12-2019,63.58
09-11-2019,62.49
09-10-2019,62.4
09-09-2019,62.68
09-06-2019,63.22
09-05-2019,63.33
09-04-2019,63.87
09-03-2019,62.56
08-30-2019,62.75
08-29-2019,62.48
08-28-2019,62.37
08-27-2019,62.49
08-26-2019,61.63
08-23-2019,62.26
08-22-2019,62.04
08-21-2019,61.57
08-20-2019,61.91
08-19-2019,61.25
08-16-2019,61.1
08-15-2019,60.5
08-14-2019,60.87
08-13-2019,60.74
08-12-2019,60.88
08-09-2019,60.85
08-08-2019,60.15
08-07-2019,60.05
08-06-2019,59.35
08-05-2019,60.28
08-02-2019,60.25
08-01-2019,59.45
07-31-2019,59.85
07-30-2019,60.15
07-29-2019,60.15
07-26-2019,59.81
07-25-2019,59.72
07-24-2019,60.03
07-23-2019,60.31
07-22-2019,60.52
07-19-2019,61.12
07-18-2019,60.74
07-17-2019,60.71
07-16-2019,60.7
07-15-2019,60.62
07-12-2019,60.99
07-11-2019,60.92
07-10-2019,60.92
07-09-2019,60.67
07-08-2019,60.72
07-05-2019,60.33
07-03-2019,60.47
07-02-2019,59.7
07-01-2019,59.67
06-28-2019,59.42
06-27-2019,59.51
06-26-2019,60.49
06-25-2019,61.06
06-24-2019,61.1
06-21-2019,60.7
06-20-2019,61.17
06-19-2019,60.12
06-18-2019,60.91
06-17-2019,60.81
06-14-2019,60.25
06-13-2019,60.2
06-12-2019,59.59
06-11-2019,59.63
06-10-2019,59.88
06-07-2019,60.82
06-06-2019,60.22
06-05-2019,59.1
06-04-2019,58.89
06-03-2019,58.44
05-31-2019,58.0
05-30-2019,58.08
05-29-2019,58.99
05-28-2019,59.91
05-24-2019,59.96
05-23-2019,59.47
05-22-2019,59.06
05-21-2019,58.95
05-20-2019,58.91
05-17-2019,58.22
05-16-2019,58.03
05-15-2019,58.22
05-14-2019,58.59
05-13-2019,57.78
05-10-2019,56.93
05-09-2019,57.01
05-08-2019,57.73
05-07-2019,57.89
05-06-2019,58.3
05-03-2019,57.98
05-02-2019,58.0
05-01-2019,58.54
04-30-2019,57.77
04-29-2019,58.05
04-26-2019,58.33
04-25-2019,57.51
04-24-2019,57.54
04-23-2019,57.26
04-22-2019,57.27
04-18-2019,57.4
04-17-2019,57.42
04-16-2019,58.2
04-15-2019,58.26
04-12-2019,57.73
04-11-2019,57.64
04-10-2019,57.95
04-09-2019,57.74
04-08-2019,57.97
04-05-2019,57.56
04-04-2019,57.86
04-03-2019,57.73
04-02-2019,57.89
04-01-2019,58.17
03-29-2019,57.78
03-28-2019,58.54
03-27-2019,59.02
03-26-2019,58.57
03-25-2019,58.54
03-22-2019,58.29
03-21-2019,57.5
03-20-2019,57.42
03-19-2019,57.88
03-18-2019,58.22
03-15-2019,58.07
03-14-2019,58.39
03-13-2019,58.25
03-12-2019,58.06
03-11-2019,57.57
03-08-2019,57.42
03-07-2019,57.26
03-06-2019,57.22
03-05-2019,57.23
03-04-2019,57.2
03-01-2019,57.03
02-28-2019,56.71
02-27-2019,56.48
02-26-2019,56.8
02-25-2019,57.1
02-22-2019,56.8
02-21-2019,56.12
02-20-2019,56.02
02-19-2019,55.75
02-15-2019,55.72
02-14-2019,55.67
02-13-2019,55.62
02-12-2019,55.67
02-11-2019,55.68
02-08-2019,55.31
02-07-2019,54.64
02-06-2019,54.67
02-05-2019,54.64
02-04-2019,54.31
02-01-2019,54.53
01-31-2019,53.61
01-30-2019,53.08
01-29-2019,53.32
01-28-2019,53.33
01-25-2019,53.89
01-24-2019,53.74
01-23-2019,53.25
01-22-2019,53.13
01-18-2019,53.15
01-17-2019,52.82
01-16-2019,52.57
01-15-2019,51.81
01-14-2019,52.6
01-11-2019,53.36
01-10-2019,52.8
01-09-2019,53.03
01-08-2019,52.46
01-07-2019,52.44
01-04-2019,51.76
01-03-2019,52.01
01-02-2019,52.71
12-31-2018,52.85
12-28-2018,52.82
12-27-2018,52.28
12-26-2018,51.57
12-24-2018,53.71
12-21-2018,54.45
12-20-2018,54.58
12-19-2018,54.73
12-18-2018,55.3
12-17-2018,56.93
12-14-2018,56.98
12-13-2018,56.48
12-12-2018,56.74
12-11-2018,56.64
12-10-2018,56.46
12-07-2018,56.17
12-06-2018,56.42
12-04-2018,56.29
12-03-2018,55.41
11-30-2018,54.91
11-29-2018,54.88
11-28-2018,54.9
11-27-2018,54.39
11-26-2018,54.17
11-23-2018,54.15
11-21-2018,54.7
11-20-2018,55.28
11-19-2018,54.8
11-16-2018,54.88
11-15-2018,54.22
11-14-2018,54.6
11-13-2018,54.83
11-12-2018,54.47
11-09-2018,54.6
11-08-2018,54.93
11-07-2018,54.66
11-06-2018,53.85
11-05-2018,53.39
11-02-2018,53.6
11-01-2018,53.77
10-31-2018,53.88
10-30-2018,54.33
10-29-2018,53.49
10-26-2018,54.66
10-25-2018,54.87
10-24-2018,54.16
10-23-2018,54.32
10-22-2018,54.63
10-19-2018,53.74
10-18-2018,53.79
10-17-2018,53.68
10-16-2018,53.14
10-15-2018,52.94
10-12-2018,52.94
10-11-2018,54.15
10-10-2018,54.21
10-09-2018,54.03
10-08-2018,53.84
10-05-2018,52.74
10-04-2018,52.41
10-03-2018,53.09
10-02-2018,52.57
10-01-2018,52.49
09-28-2018,52.0
09-27-2018,51.49
09-26-2018,52.12
09-25-2018,52.44
09-24-2018,52.88
09-21-2018,52.75
09-20-2018,53.13
09-19-2018,54.36
09-18-2018,54.4
09-17-2018,54.2
09-14-2018,54.37
09-13-2018,54.16
09-12-2018,54.22
09-11-2018,54.35
09-10-2018,54.21
09-07-2018,54.24
09-06-2018,54.49
09-05-2018,53.65
09-04-2018,53.53
08-31-2018,53.78
08-30-2018,53.77
08-29-2018,53.42
08-28-2018,53.27
08-27-2018,53.77
08-24-2018,53.44
08-23-2018,53.52
08-22-2018,53.99
08-21-2018,54.25
08-20-2018,54.63
08-17-2018,54.21
08-16-2018,53.54
08-15-2018,53.34
08-14-2018,53.08
08-13-2018,53.08
08-10-2018,53.29
08-09-2018,52.97
08-08-2018,53.08
08-07-2018,53.24
08-06-2018,53.35
08-03-2018,52.73
08-02-2018,52.43
08-01-2018,52.49
07-31-2018,52.55
07-30-2018,52.57
07-27-2018,52.84
07-26-2018,52.5
07-25-2018,52.09
07-24-2018,51.78
07-23-2018,52.3
07-20-2018,52.5
07-19-2018,52.23
07-18-2018,52.39
07-17-2018,52.57
07-16-2018,52.5
07-13-2018,52.6
07-12-2018,52.49
07-11-2018,52.0
07-10-2018,51.04
07-09-2018,53.16
07-06-2018,52.87
07-05-2018,52.51
07-03-2018,52.35
07-02-2018,51.99
06-29-2018,51.79
06-28-2018,51.95
06-27-2018,51.59
06-26-2018,51.45
06-25-2018,50.76
06-22-2018,50.43
06-21-2018,50.28
06-20-2018,50.27
06-19-2018,49.79
06-18-2018,49.51
06-15-2018,49.13
06-14-2018,49.1
06-13-2018,49.21
06-12-2018,48.55
06-11-2018,48.8
06-08-2018,48.89
06-07-2018,48.45
06-06-2018,49.54
06-05-2018,49.9
06-04-2018,50.31
06-01-2018,50.86
05-31-2018,50.85
05-30-2018,50.36
05-29-2018,50.41
05-25-2018,50.35
05-24-2018,49.94
05-23-2018,49.59
05-22-2018,49.22
05-21-2018,49.05
05-18-2018,49.12
05-17-2018,49.39
05-16-2018,49.79
05-15-2018,49.89
05-14-2018,50.46
05-11-2018,50.36
05-10-2018,50.03
05-09-2018,49.97
05-08-2018,51.03
05-07-2018,51.48
05-04-2018,51.37
05-03-2018,51.25
05-02-2018,51.41
05-01-2018,51.56
04-30-2018,51.79
04-27-2018,51.13
04-26-2018,50.73
04-25-2018,50.49
04-24-2018,50.37
04-23-2018,50.37
04-20-2018,50.7
04-19-2018,50.61
04-18-2018,51.04
04-17-2018,50.59
04-16-2018,49.9
04-13-2018,49.49
04-12-2018,50.07
04-11-2018,50.11
04-10-2018,50.53
04-09-2018,50.46
04-06-2018,50.89
04-05-2018,50.41
04-04-2018,50.3
04-03-2018,50.05
04-02-2018,50.62
03-29-2018,50.41
03-28-2018,50.34
03-27-2018,49.64
03-26-2018,49.22
03-23-2018,49.76
03-22-2018,49.59
03-21-2018,49.75
03-20-2018,49.95
03-19-2018,50.22
03-16-2018,49.81
03-15-2018,50.2
03-14-2018,49.87
03-13-2018,49.79
03-12-2018,49.42
03-09-2018,49.16
03-08-2018,49.01
03-07-2018,49.12
03-06-2018,49.88
03-05-2018,48.82
03-02-2018,49.04
03-01-2018,49.16
02-28-2018,49.58
02-27-2018,50.24
02-26-2018,50.55
02-23-2018,49.21
02-22-2018,48.98
02-21-2018,49.5
02-20-2018,49.95
02-16-2018,49.71
02-15-2018,48.72
02-14-2018,48.73
02-13-2018,48.91
02-12-2018,48.66
02-09-2018,47.69
02-08-2018,47.96
02-07-2018,48.3
02-06-2018,48.48
02-05-2018,49.8
02-02-2018,49.99
02-01-2018,50.98
01-31-2018,50.54
01-30-2018,50.35
01-29-2018,50.8
01-26-2018,51.15
01-25-2018,50.25
01-24-2018,50.46
01-23-2018,50.25
01-22-2018,50.23
01-19-2018,50.34
01-18-2018,50.46
01-17-2018,50.23
01-16-2018,50.46
01-12-2018,50.4
01-11-2018,50.685
01-10-2018,51.0
01-09-2018,51.8
01-08-2018,51.42
01-05-2018,51.53
01-04-2018,51.62
01-03-2018,52.0
01-02-2018,52.67
12-29-2017,52.81
12-28-2017,52.46
12-27-2017,52.33
12-26-2017,52.51
12-22-2017,52.43
12-21-2017,52.63
12-20-2017,53.38
12-19-2017,54.41
12-18-2017,55.07
12-15-2017,55.0
12-14-2017,55.35
12-13-2017,55.4
12-12-2017,56.0
12-11-2017,55.82
12-08-2017,55.62
12-07-2017,55.49
12-06-2017,55.47
12-05-2017,56.18
12-04-2017,56.44
12-01-2017,56.79
11-30-2017,56.48
11-29-2017,56.19
11-28-2017,56.26
11-27-2017,55.95
11-24-2017,55.82
11-22-2017,55.75
11-21-2017,55.8
11-20-2017,55.84
11-17-2017,56.08
11-16-2017,56.24
11-15-2017,57.09
11-14-2017,56.01
11-13-2017,55.57
11-10-2017,55.47
11-09-2017,55.54
11-08-2017,55.63
11-07-2017,55.09
11-06-2017,55.28
11-03-2017,54.94
11-02-2017,54.81
11-01-2017,55.21
10-31-2017,55.02
10-30-2017,55.03
10-27-2017,54.65
10-26-2017,54.96
10-25-2017,54.71
10-24-2017,54.8
10-23-2017,54.85
10-20-2017,54.6
10-19-2017,54.35
10-18-2017,54.12
10-17-2017,54.0
10-16-2017,54.13
10-13-2017,54.68
10-12-2017,54.31
10-11-2017,53.96
10-10-2017,53.63
10-09-2017,53.53
10-06-2017,53.22
10-05-2017,53.5
10-04-2017,53.02
10-03-2017,53.17
10-02-2017,53.02
09-29-2017,53.11
09-28-2017,52.71
09-27-2017,53.25
09-26-2017,53.7
09-25-2017,53.31
09-22-2017,53.82
09-21-2017,53.73
09-20-2017,54.17
09-19-2017,54.28
09-18-2017,54.71
09-15-2017,54.83
09-14-2017,54.6
09-13-2017,54.85
09-12-2017,55.79
09-11-2017,55.26
09-08-2017,55.02
09-07-2017,54.74
09-06-2017,55.0
09-05-2017,54.9
09-01-2017,55.05
08-31-2017,55.01
08-30-2017,55.09
08-29-2017,55.33
08-28-2017,55.33
08-25-2017,55.09
08-24-2017,54.97
08-23-2017,54.8
08-22-2017,54.73
08-21-2017,54.66
08-18-2017,54.0
08-17-2017,54.45
08-16-2017,54.26
08-15-2017,53.68
08-14-2017,53.75
08-11-2017,53.94
08-10-2017,53.81
08-09-2017,54.26
08-08-2017,53.9
08-07-2017,53.84
08-04-2017,53.74
08-03-2017,53.82
08-02-2017,53.41
08-01-2017,53.3
07-31-2017,52.98
07-28-2017,53.04
07-27-2017,52.84
07-26-2017,52.48
07-25-2017,52.68
07-24-2017,53.32
07-21-2017,52.92
07-20-2017,52.67
07-19-2017,52.4
07-18-2017,52.28
07-17-2017,51.95
07-14-2017,52.02
07-13-2017,51.83
07-12-2017,51.87
07-11-2017,51.53
07-10-2017,51.64
07-07-2017,51.44
07-06-2017,51.26
07-05-2017,51.89
07-03-2017,52.04
06-30-2017,52.1
06-29-2017,52.15
06-28-2017,53.13
06-27-2017,53.33
06-26-2017,53.33
06-23-2017,53.4
06-22-2017,53.56
06-21-2017,53.95
06-20-2017,53.99
06-19-2017,54.16
06-16-2017,54.02
06-15-2017,53.84
06-14-2017,54.04
06-13-2017,53.51
06-12-2017,53.74
06-09-2017,53.55
06-08-2017,54.06
06-07-2017,53.99
06-06-2017,54.23
06-05-2017,54.28
06-02-2017,54.63
06-01-2017,53.7
05-31-2017,53.63
05-30-2017,53.44
05-26-2017,53.43
05-25-2017,53.08
05-24-2017,52.72
05-23-2017,52.62
05-22-2017,52.0
05-19-2017,51.87
05-18-2017,51.81
05-17-2017,51.7
05-16-2017,51.87
05-15-2017,51.74
05-12-2017,51.6
05-11-2017,51.28
05-10-2017,51.37
05-09-2017,51.67
05-08-2017,51.77
05-05-2017,51.6
05-04-2017,51.12
05-03-2017,51.52
05-02-2017,51.45
05-01-2017,51.82
04-28-2017,51.88
04-27-2017,51.75
04-26-2017,51.92
04-25-2017,51.85
04-24-2017,51.78
04-21-2017,51.4
04-20-2017,51.61
04-19-2017,51.97
04-18-2017,51.99
04-17-2017,51.8
04-13-2017,51.91
04-12-2017,51.4
04-11-2017,51.52
04-10-2017,51.43
04-07-2017,51.82
04-06-2017,51.69
04-05-2017,51.4
04-04-2017,51.25
04-03-2017,51.31
03-31-2017,51.17
03-30-2017,51.43
03-29-2017,51.63
03-28-2017,51.68
03-27-2017,52.1
03-24-2017,51.73
03-23-2017,51.85
03-22-2017,51.82
03-21-2017,50.92
03-20-2017,51.35
03-17-2017,51.1
03-16-2017,51.78
03-15-2017,51.24
03-14-2017,51.05
03-13-2017,50.92
03-10-2017,50.81
03-09-2017,50.77
03-08-2017,50.95
03-07-2017,51.36
03-06-2017,51.43
03-03-2017,51.68
03-02-2017,51.13
03-01-2017,51.03
02-28-2017,51.29
02-27-2017,51.49
02-24-2017,50.99
02-23-2017,50.52
02-22-2017,50.09
02-21-2017,49.5
02-17-2017,49.67
02-16-2017,49.06
02-15-2017,48.82
02-14-2017,49.46
02-13-2017,49.33
02-10-2017,48.85
02-09-2017,49.35
02-08-2017,49.04
02-07-2017,48.88
02-06-2017,49.09
02-03-2017,48.98
02-02-2017,48.48
02-01-2017,48.92
01-31-2017,48.47
01-30-2017,48.41
01-27-2017,48.49
01-26-2017,48.36
01-25-2017,48.16
01-24-2017,48.38
01-23-2017,48.71
01-20-2017,48.62
01-19-2017,48.7
01-18-2017,48.9
01-17-2017,48.67
01-13-2017,48.48
01-12-2017,48.57
01-11-2017,48.03
01-10-2017,48.18
01-09-2017,49.01
01-06-2017,48.44
01-05-2017,48.74
01-04-2017,48.52
01-03-2017,48.5
12-30-2016,48.93
12-29-2016,48.38
12-28-2016,48.68
12-27-2016,48.42
12-23-2016,48.68
12-22-2016,48.42
12-21-2016,48.66
12-20-2016,48.45
12-19-2016,48.7
12-16-2016,47.95
12-15-2016,47.85
12-14-2016,49.18
12-13-2016,48.7
12-12-2016,47.76
12-09-2016,47.42
12-08-2016,47.08
12-07-2016,46.94
12-06-2016,46.84
12-05-2016,46.6
12-02-2016,46.65
12-01-2016,46.36
11-30-2016,47.56
11-29-2016,47.95
11-28-2016,47.3
11-25-2016,46.56
11-23-2016,46.3
11-22-2016,46.8
11-21-2016,46.42
11-18-2016,46.56
11-17-2016,46.2
11-16-2016,46.85
11-15-2016,46.26
11-14-2016,45.68
11-11-2016,46.12
11-10-2016,47.11
11-09-2016,48.31
11-08-2016,48.85
11-07-2016,48.15
11-04-2016,48.29
11-03-2016,47.8
11-02-2016,48.3
11-01-2016,49.29
10-31-2016,48.58
10-28-2016,48.28
10-27-2016,48.32
10-26-2016,48.35
10-25-2016,48.12
10-24-2016,48.21
10-21-2016,48.07
10-20-2016,48.4
10-19-2016,48.39
10-18-2016,48.22
10-17-2016,47.9
10-14-2016,47.77
10-13-2016,47.51
10-12-2016,47.0
10-11-2016,47.48
10-10-2016,47.15
10-07-2016,47.51
10-06-2016,47.03
10-05-2016,47.4
10-04-2016,48.27
10-03-2016,49.01
09-30-2016,49.37
09-29-2016,49.97
09-28-2016,50.18
09-27-2016,50.98
09-26-2016,50.94
09-23-2016,50.83
09-22-2016,51.08
09-21-2016,49.75
09-20-2016,49.95
09-19-2016,49.42
09-16-2016,48.85
09-15-2016,48.78
09-14-2016,48.82
09-13-2016,49.16
09-12-2016,48.38
09-09-2016,49.85
09-08-2016,49.84
09-07-2016,50.2
09-06-2016,49.89
09-02-2016,49.16
09-01-2016,49.1
08-31-2016,48.98
08-30-2016,49.51
08-29-2016,49.3
08-26-2016,50.22
08-25-2016,50.11
08-24-2016,50.1
08-23-2016,50.48
08-22-2016,50.35
08-19-2016,50.54
08-18-2016,50.26
08-17-2016,49.47
08-16-2016,50.0
08-15-2016,50.9
08-12-2016,51.01
08-11-2016,50.7
08-10-2016,50.82
08-09-2016,50.78
08-08-2016,50.71
08-05-2016,51.18
08-04-2016,51.56
08-03-2016,51.81
08-02-2016,51.88
08-01-2016,51.99
07-29-2016,51.82
07-28-2016,51.58
07-27-2016,52.09
07-26-2016,52.69
07-25-2016,52.69
07-22-2016,51.94
07-21-2016,51.53
07-20-2016,51.99
07-19-2016,52.1
07-18-2016,52.06
07-15-2016,51.79
07-14-2016,51.67
07-13-2016,52.0
07-12-2016,52.15
07-11-2016,52.38
07-08-2016,51.55
07-07-2016,52.8
07-06-2016,52.81
07-05-2016,52.64
07-01-2016,52.76
06-30-2016,51.59
06-29-2016,51.46
06-28-2016,51.05
06-27-2016,50.35
06-24-2016,50.22
06-23-2016,50.1
06-22-2016,50.43
06-21-2016,50.39
06-20-2016,50.47
06-17-2016,50.32
06-16-2016,50.4
06-15-2016,50.76
06-14-2016,50.53
06-13-2016,50.65
06-10-2016,50.65
06-09-2016,50.3
06-08-2016,49.96
06-07-2016,50.05
06-06-2016,50.1
06-03-2016,49.95
06-02-2016,49.24
06-01-2016,49.14
05-31-2016,48.75
05-27-2016,48.74
05-26-2016,48.14
05-25-2016,48.08
05-24-2016,47.94
05-23-2016,48.28
05-20-2016,48.29
05-19-2016,47.52
05-18-2016,48.33
05-17-2016,49.29
05-16-2016,49.22
05-13-2016,49.5
05-12-2016,49.26
05-11-2016,49.17
05-10-2016,49.16
05-09-2016,48.86
05-06-2016,48.91
05-05-2016,49.2
05-04-2016,48.79
05-03-2016,48.77
05-02-2016,48.45
04-29-2016,47.93
04-28-2016,47.78
04-27-2016,47.65
04-26-2016,47.47
04-25-2016,47.15
04-22-2016,47.06
04-21-2016,47.75
04-20-2016,49.2
04-19-2016,49.13
04-18-2016,48.86
04-15-2016,48.72
04-14-2016,48.56
04-13-2016,49.12
04-12-2016,48.65
04-11-2016,48.85
04-08-2016,48.74
04-07-2016,48.54
04-06-2016,48.6
04-05-2016,49.49
04-04-2016,49.82
04-01-2016,49.42
03-31-2016,49.4
03-30-2016,49.45
03-29-2016,48.88
03-28-2016,48.99
03-24-2016,48.76
03-23-2016,48.42
03-22-2016,48.52
03-21-2016,48.48
03-18-2016,48.94
03-17-2016,48.85
03-16-2016,48.12
03-15-2016,48.16
03-14-2016,48.14
03-11-2016,48.33
03-10-2016,48.04
03-09-2016,47.74
03-08-2016,47.46
03-07-2016,47.03
03-04-2016,46.29
03-03-2016,46.38
03-02-2016,45.95
03-01-2016,46.54
02-29-2016,46.1
02-26-2016,47.21
02-25-2016,47.15
02-24-2016,46.78
02-23-2016,46.59
02-22-2016,46.45
02-19-2016,46.31
02-18-2016,45.67
02-17-2016,46.0
02-16-2016,45.79
02-12-2016,45.67
02-11-2016,46.23
02-10-2016,46.46
02-09-2016,46.25
02-08-2016,46.47
02-05-2016,46.15
02-04-2016,46.58
02-03-2016,46.21
02-02-2016,45.68
02-01-2016,45.21
01-29-2016,44.82
01-28-2016,43.77
01-27-2016,43.65
01-26-2016,43.53
01-25-2016,43.78
01-22-2016,43.29
01-21-2016,43.2
01-20-2016,43.88
01-19-2016,43.64
01-15-2016,43.36
01-14-2016,43.14
01-13-2016,43.33
01-12-2016,43.37
01-11-2016,43.14
01-08-2016,43.16
01-07-2016,42.95
01-06-2016,43.24
01-05-2016,43.17
01-04-2016,43.03
12-31-2015,43.68
12-30-2015,43.82
12-29-2015,43.76
12-28-2015,43.21
12-24-2015,43.35
12-23-2015,42.91
12-22-2015,42.6
12-21-2015,42.61
12-18-2015,42.99
12-17-2015,43.48
12-16-2015,42.49
12-15-2015,42.06
12-14-2015,41.95
12-11-2015,41.81
12-10-2015,42.55
12-09-2015,42.41
12-08-2015,42.49
12-07-2015,42.37
12-04-2015,42.03
12-03-2015,42.13
12-02-2015,42.99
12-01-2015,42.92
11-30-2015,42.8
11-27-2015,42.79
11-25-2015,42.92
11-24-2015,42.8
11-23-2015,43.44
11-20-2015,43.28
11-19-2015,42.85
11-18-2015,42.51
11-17-2015,43.24
11-16-2015,42.62
11-13-2015,42.75
11-12-2015,43.0
11-11-2015,42.86
11-10-2015,42.38
11-09-2015,42.06
11-06-2015,43.07
11-05-2015,44.07
11-04-2015,43.88
11-03-2015,43.64
11-02-2015,43.72
10-30-2015,43.6
10-29-2015,43.58
10-28-2015,44.28
10-27-2015,44.39
10-26-2015,44.69
10-23-2015,45.35
10-22-2015,45.06
10-21-2015,45.09
10-20-2015,44.67
10-19-2015,44.74
10-16-2015,44.76
10-15-2015,44.24
10-14-2015,44.28
10-13-2015,44.14
10-12-2015,43.95
10-09-2015,43.99
10-08-2015,43.43
10-07-2015,43.66
10-06-2015,43.82
10-05-2015,43.47
10-02-2015,43.1
10-01-2015,43.39
09-30-2015,42.62
09-29-2015,42.6
09-28-2015,42.73
09-25-2015,42.4
09-24-2015,41.97
09-23-2015,41.88
09-22-2015,42.21
09-21-2015,42.2
09-18-2015,42.29
09-17-2015,42.17
09-16-2015,41.99
09-15-2015,41.7
09-14-2015,41.7
09-11-2015,41.19
09-10-2015,41.29
09-09-2015,41.93
09-08-2015,41.34
09-04-2015,41.2
09-03-2015,41.25
09-02-2015,41.6
09-01-2015,42.0
08-31-2015,43.09
08-28-2015,43.22
08-27-2015,43.02
08-26-2015,42.32
08-25-2015,43.9
08-24-2015,44.16
08-21-2015,45.45
08-20-2015,45.68
08-19-2015,45.57
08-18-2015,45.64
08-17-2015,45.72
08-14-2015,45.05
08-13-2015,45.04
08-12-2015,44.38
08-11-2015,44.38
08-10-2015,44.4
08-07-2015,43.81
08-06-2015,43.73
08-05-2015,43.68
08-04-2015,44.11
08-03-2015,44.05
07-31-2015,43.95
07-30-2015,43.19
07-29-2015,43.07
07-28-2015,42.87
07-27-2015,42.33
07-24-2015,42.31
07-23-2015,42.89
07-22-2015,42.81
07-21-2015,43.05
07-20-2015,43.17
07-17-2015,43.78
07-16-2015,43.14
07-15-2015,42.88
07-14-2015,42.94
07-13-2015,43.09
07-10-2015,42.76
07-09-2015,43.35
07-08-2015,43.3
07-07-2015,42.54
07-06-2015,42.17
07-02-2015,41.99
07-01-2015,41.51
06-30-2015,41.77
06-29-2015,41.72
06-26-2015,41.45
06-25-2015,41.85
06-24-2015,42.2
06-23-2015,42.57
06-22-2015,42.86
06-19-2015,43.29
06-18-2015,43.08
06-17-2015,42.69
06-16-2015,42.39
06-15-2015,42.42
06-12-2015,42.74
06-11-2015,42.93
06-10-2015,42.75
06-09-2015,42.4
06-08-2015,42.76
06-05-2015,42.7
06-04-2015,43.37
06-03-2015,43.8
06-02-2015,44.32
06-01-2015,44.62
05-29-2015,44.48
05-28-2015,44.45
05-27-2015,44.33
05-26-2015,44.5
05-22-2015,44.48
05-21-2015,44.77
05-20-2015,44.59
05-19-2015,44.29
05-18-2015,44.1
05-15-2015,43.87
05-14-2015,43.47
05-13-2015,43.83
05-12-2015,43.5
05-11-2015,44.02
05-08-2015,44.28
05-07-2015,43.71
05-06-2015,43.79
05-05-2015,44.73
05-04-2015,44.48
05-01-2015,44.12
04-30-2015,44.64
04-29-2015,44.6
04-28-2015,44.42
04-27-2015,45.27
04-24-2015,44.7
04-23-2015,44.3
04-22-2015,44.49
04-21-2015,44.76
04-20-2015,44.28
04-17-2015,44.07
04-16-2015,44.4
04-15-2015,44.56
04-14-2015,44.33
04-13-2015,44.57
04-10-2015,44.49
04-09-2015,44.5
04-08-2015,44.65
04-07-2015,45.16
04-06-2015,44.74
04-02-2015,44.4
04-01-2015,44.3
03-31-2015,44.29
03-30-2015,44.12
03-27-2015,43.7
03-26-2015,43.88
03-25-2015,44.61
03-24-2015,44.99
03-23-2015,44.95
03-20-2015,44.94
03-19-2015,45.1
03-18-2015,44.15
03-17-2015,44.11
03-16-2015,43.8
03-13-2015,43.87
03-12-2015,43.4
03-11-2015,43.24
03-10-2015,43.35
03-09-2015,43.5
03-06-2015,44.01
03-05-2015,44.49
03-04-2015,44.53
03-03-2015,44.33
03-02-2015,45.2
02-27-2015,45.27
02-26-2015,45.8
02-25-2015,46.3
02-24-2015,46.06
02-23-2015,45.77
02-20-2015,45.84
02-19-2015,46.1
02-18-2015,45.1
02-17-2015,45.03
02-13-2015,45.77
02-12-2015,46.17
02-11-2015,46.91
02-10-2015,46.11
02-09-2015,46.46
02-06-2015,48.25
02-05-2015,48.26
02-04-2015,48.57
02-03-2015,48.44
02-02-2015,48.31
01-30-2015,49.35
01-29-2015,48.64
01-28-2015,49.21
01-27-2015,48.99
01-26-2015,49.1
01-23-2015,49.16
01-22-2015,49.34
01-21-2015,48.69
01-20-2015,48.76
01-16-2015,48.18
01-15-2015,47.89
01-14-2015,47.4
01-13-2015,47.52
01-12-2015,47.43
01-09-2015,47.69
01-08-2015,47.63
01-07-2015,47.18
01-06-2015,46.88
01-05-2015,47.6
01-02-2015,47.67
12-31-2014,48.21
12-30-2014,49.07
12-29-2014,48.58
12-26-2014,47.95
12-24-2014,47.0
12-23-2014,46.71
12-22-2014,46.99
12-19-2014,46.96
12-18-2014,46.5
12-17-2014,45.63
12-16-2014,45.45
12-15-2014,46.02
12-12-2014,46.24
12-11-2014,45.75
12-10-2014,46.45
12-09-2014,45.97
12-08-2014,45.87
